{
  "generated_at": "2026-06-01T12:10:14.576208",
  "initial_capital": 1000.0,
  "total_trades": 30,
  "metrics": {
    "total_return": 3226.7999999999997,
    "total_return_pct": 3.2268,
    "annualized_return": 28186780192581.875,
    "cagr": 28186780192581.875,
    "total_trades": 30,
    "winning_trades": 24,
    "losing_trades": 6,
    "win_rate": 0.8,
    "avg_win": 158.20666666666668,
    "avg_loss": -95.02666666666666,
    "avg_trade": 107.55999999999999,
    "expectancy": 107.56000000000002,
    "profit_factor": 6.659464010102428,
    "sharpe_ratio": 15.816902057593127,
    "sortino_ratio": 57.74538809546583,
    "calmar_ratio": 523903144657677.06,
    "max_drawdown": 184.9399999999996,
    "max_drawdown_pct": 0.053801509840143,
    "avg_drawdown": 97.40874999999986,
    "recovery_factor": 17.447820914891352,
    "risk_of_ruin": 9.536743164062479e-07,
    "max_win_streak": 6,
    "max_loss_streak": 2,
    "current_streak": 6,
    "streak_type": "win",
    "ulcer_index": 0.013173441366259064,
    "serenity_ratio": 4383.470233022649,
    "payoff_ratio": 1.6648660025256072
  },
  "monte_carlo": {
    "simulations": 5,
    "success_probability": 1.0,
    "avg_return": 3172.0800000000004,
    "median_return": 3252.9900000000007,
    "best_case_95": 3642.474,
    "worst_case_5": 2717.172000000001,
    "avg_max_drawdown": 147.42799999999988,
    "worst_drawdown_95": 180.02599999999964,
    "var_95": 0.0,
    "cvar_95": 0.0,
    "percentiles": {
      "p5": 2717.172000000001,
      "p10": 2744.9940000000006,
      "p25": 2828.4599999999996,
      "p50": 3252.9900000000007,
      "p75": 3382.01,
      "p90": 3577.358,
      "p95": 3642.474
    }
  },
  "walk_forward": {
    "windows": 1,
    "in_sample_return": 2.34271,
    "out_sample_return": 0.8840899999999999,
    "efficiency_ratio": 0.377379189058825,
    "is_overfit": true,
    "overfit_score": 0.6226208109411749,
    "recommendation": "تحذير: Overfitting مرتفع (62%) – الاستراتيجية محسّنة للبيانات التاريخية ولن تعمل جيداً في المستقبل. يُنصح بتبسيط النموذج وتقليل المعاملات.",
    "periods": [
      {
        "window": 1,
        "trade_range": "0–30",
        "train_trades": 21,
        "test_trades": 9,
        "in_sample_return": 234.27,
        "out_sample_return": 88.41,
        "efficiency": 0.377
      }
    ]
  }
}