{
  "generated_at": "2026-07-22T19:39:51.988855+00:00",
  "initial_capital": 1000.0,
  "total_trades": 30,
  "metrics": {
    "total_return": 2229.64,
    "total_return_pct": 2.22964,
    "annualized_return": 86961278943.99542,
    "cagr": 86961278943.99542,
    "total_trades": 30,
    "winning_trades": 22,
    "losing_trades": 8,
    "win_rate": 0.7333333333333333,
    "avg_win": 132.31318181818182,
    "avg_loss": -85.15625,
    "avg_trade": 74.32133333333333,
    "expectancy": 74.32133333333331,
    "profit_factor": 4.2728660550458715,
    "sharpe_ratio": 11.599284107701175,
    "sortino_ratio": 40.64155472667018,
    "calmar_ratio": 1238462744637.416,
    "max_drawdown": 181.78999999999996,
    "max_drawdown_pct": 0.07021711336940945,
    "avg_drawdown": 85.10000000000001,
    "recovery_factor": 12.26492106276473,
    "risk_of_ruin": 4.0427144025686205e-05,
    "max_win_streak": 6,
    "max_loss_streak": 2,
    "current_streak": 6,
    "streak_type": "win",
    "ulcer_index": 0.01829606561168635,
    "serenity_ratio": 2221.327556931746,
    "payoff_ratio": 1.553769474562135
  },
  "monte_carlo": {
    "simulations": 5,
    "success_probability": 1.0,
    "avg_return": 2133.634,
    "median_return": 2265.4200000000005,
    "best_case_95": 2779.448,
    "worst_case_5": 1543.892000000001,
    "avg_max_drawdown": 199.91999999999985,
    "worst_drawdown_95": 277.9579999999997,
    "var_95": 0.0,
    "cvar_95": 0.0,
    "percentiles": {
      "p5": 1543.892000000001,
      "p10": 1562.6340000000005,
      "p25": 1618.8599999999992,
      "p50": 2265.4200000000005,
      "p75": 2379.2399999999993,
      "p90": 2679.3959999999997,
      "p95": 2779.448
    }
  },
  "walk_forward": {
    "windows": 1,
    "in_sample_return": 1.49585,
    "out_sample_return": 0.7337899999999999,
    "efficiency_ratio": 0.4905505231139486,
    "is_overfit": true,
    "overfit_score": 0.5094494768860515,
    "recommendation": "تحذير: Overfitting مرتفع (51%) – الاستراتيجية محسّنة للبيانات التاريخية ولن تعمل جيداً في المستقبل. يُنصح بتبسيط النموذج وتقليل المعاملات.",
    "periods": [
      {
        "window": 1,
        "trade_range": "0–30",
        "train_trades": 21,
        "test_trades": 9,
        "in_sample_return": 149.58,
        "out_sample_return": 73.38,
        "efficiency": 0.491
      }
    ]
  }
}