{
  "generated_at": "2026-06-28T14:12:47.633575+00:00",
  "initial_capital": 1000.0,
  "total_trades": 30,
  "metrics": {
    "total_return": 744.4000000000001,
    "total_return_pct": 0.7444000000000001,
    "annualized_return": 155537.1962595402,
    "cagr": 155537.1962595402,
    "total_trades": 30,
    "winning_trades": 15,
    "losing_trades": 15,
    "win_rate": 0.5,
    "avg_win": 118.57266666666668,
    "avg_loss": -68.946,
    "avg_trade": 24.813333333333336,
    "expectancy": 24.81333333333334,
    "profit_factor": 1.719790367340624,
    "sharpe_ratio": 3.9947384080709774,
    "sortino_ratio": 19.569608851523057,
    "calmar_ratio": 757040.1128019344,
    "max_drawdown": 311.88999999999965,
    "max_drawdown_pct": 0.2054543657982277,
    "avg_drawdown": 137.67909090909072,
    "recovery_factor": 2.3867389143608353,
    "risk_of_ruin": 1.0,
    "max_win_streak": 4,
    "max_loss_streak": 4,
    "current_streak": 2,
    "streak_type": "win",
    "ulcer_index": 0.07595195443641439,
    "serenity_ratio": 257.657738984273,
    "payoff_ratio": 1.7197903673406243
  },
  "monte_carlo": {
    "simulations": 5,
    "success_probability": 1.0,
    "avg_return": 614.5520000000004,
    "median_return": 529.5600000000009,
    "best_case_95": 1132.1340000000007,
    "worst_case_5": 204.69799999999972,
    "avg_max_drawdown": 296.80599999999987,
    "worst_drawdown_95": 360.3340000000001,
    "var_95": 0.0,
    "cvar_95": 0.0,
    "percentiles": {
      "p5": 204.69799999999972,
      "p10": 228.28599999999977,
      "p25": 299.04999999999995,
      "p50": 529.5600000000009,
      "p75": 863.8300000000002,
      "p90": 1065.0580000000007,
      "p95": 1132.1340000000007
    }
  },
  "walk_forward": {
    "windows": 1,
    "in_sample_return": 0.43945999999999996,
    "out_sample_return": 0.30494000000000004,
    "efficiency_ratio": 0.6938970554771767,
    "is_overfit": false,
    "overfit_score": 0.30610294452282333,
    "recommendation": "جيد: كفاءة 69% – الاستراتيجية مقبولة لكن يمكن تحسينها.",
    "periods": [
      {
        "window": 1,
        "trade_range": "0–30",
        "train_trades": 21,
        "test_trades": 9,
        "in_sample_return": 43.95,
        "out_sample_return": 30.49,
        "efficiency": 0.694
      }
    ]
  }
}